City_ID,City,Lat,Lng,Max Temp,Humidity,Cloudiness,Wind Speed,Country,Date
0,omdurman,15.6445,32.4777,30.06,9,4,3.59,SD,1714014226
1,kone,-21.0595,164.8658,27.89,61,22,4.49,NC,1714014227
2,igarka,67.4667,86.5833,-7.21,90,79,3.58,RU,1714014228
3,avarua,-21.2078,-159.775,26.03,73,75,3.09,CK,1714014229
4,bonito,-21.1211,-56.4819,24.3,75,34,1.35,BR,1714014043
5,bubaque,11.2833,-15.8333,25.77,67,100,6.39,GW,1714014231
6,anadyr,64.75,177.4833,-2.72,92,100,6.0,RU,1714014216
7,villa dolores,-31.9459,-65.1896,15.38,78,100,0.8,AR,1714014060
8,dalnegorsk,44.5604,135.5701,12.56,95,100,1.79,RU,1714014233
9,kenora,49.8167,-94.4337,9.54,29,20,2.57,CA,1714014173
10,iqaluit,63.7506,-68.5145,-9.15,72,100,5.66,CA,1714014014
11,esmeraldas,-19.7625,-44.3139,23.17,80,2,1.47,BR,1714013955
12,adamstown,-25.066,-130.1015,22.95,89,2,9.89,PN,1714014193
13,cabo san lucas,22.8909,-109.9124,25.9,63,70,4.88,MX,1714013964
14,vila franca do campo,37.7167,-25.4333,15.23,77,35,3.07,PT,1714014239
15,olonkinbyen,70.9221,-8.7187,-1.6,82,8,3.52,SJ,1714014182
16,waitangi,-43.9535,-176.5597,16.01,87,99,3.58,NZ,1714014198
17,ribeira grande,38.5167,-28.7,15.43,83,7,4.47,PT,1714014241
18,chonchi,-42.6128,-73.8092,10.07,88,59,4.67,CL,1714014242
19,ban lam luk ka,13.9774,100.7778,37.77,59,20,3.6,TH,1714014243
20,jamestown,42.097,-79.2353,4.77,85,100,3.09,US,1714013932
21,uturoa,-16.7333,-151.4333,28.34,72,0,2.21,PF,1714014245
22,howrah,22.5892,88.3103,34.0,46,20,3.6,IN,1714014246
23,vilyuchinsk,52.9306,158.4028,12.15,62,100,4.89,RU,1714014247
24,puerto natales,-51.7236,-72.4875,2.25,100,100,1.03,CL,1714013954
25,kerikeri,-35.2268,173.9474,18.92,61,100,3.26,NZ,1714014248
26,tocopilla,-22.092,-70.1979,20.37,77,7,5.41,CL,1714014249
27,quellon,-43.1167,-73.6167,10.66,85,61,7.03,CL,1714014166
28,tarko-sale,64.9225,77.785,-7.82,89,81,1.88,RU,1714014251
29,grytviken,-54.2811,-36.5092,-2.15,78,23,4.91,GS,1714014252
30,longyearbyen,78.2186,15.6401,-3.09,80,20,2.57,SJ,1714014197
31,lubango,-14.9172,13.4925,13.92,77,91,1.54,AO,1714014255
32,cole harbour,44.6724,-63.4751,7.66,72,100,3.09,CA,1714014256
33,puerto ayora,-0.7393,-90.3518,25.31,95,6,2.35,EC,1714014199
34,saipan,15.1355,145.701,32.39,55,40,8.23,MP,1714014258
35,revda,56.801,59.9303,0.07,93,100,3.81,RU,1714014259
36,tiksi,71.6872,128.8694,-10.49,82,100,6.59,RU,1714014260
37,ternate,0.8,127.4,31.02,62,1,0.58,ID,1714014261
38,yellowknife,62.456,-114.3525,5.31,72,75,5.66,CA,1714014009
39,taoudenni,22.6783,-3.9836,29.4,14,0,4.21,ML,1714014262
40,iskateley,67.6803,53.1512,-6.66,82,10,5.81,RU,1714014263
41,rio gallegos,-51.6226,-69.2181,6.03,70,0,1.03,AR,1714014029
42,klyuchi,52.2667,79.1667,2.28,45,3,4.88,RU,1714014265
43,edinburgh of the seven seas,-37.0676,-12.3116,17.11,90,60,8.26,SH,1714014266
44,kalaleh,37.3807,55.4916,14.78,94,75,0.0,IR,1714014267
45,jyvaskyla,62.2415,25.7209,-4.37,97,75,1.03,FI,1714014270
46,kodinsk,58.6881,99.1844,0.8,83,97,2.57,RU,1714014270
47,kristiansund,63.1115,7.732,1.36,75,75,1.54,NO,1714014271
48,alice springs,-23.7,133.8833,19.75,30,0,6.17,AU,1714014272
49,port-aux-francais,-49.35,70.2167,4.39,66,72,8.33,TF,1714014188
50,ushuaia,-54.8,-68.3,7.81,61,0,1.54,AR,1714014037
51,afaahiti,-17.75,-149.2833,28.93,72,1,1.79,PF,1714014275
52,bel ombre,-4.6167,55.4167,25.91,89,75,4.12,SC,1714014276
53,lihue,21.9789,-159.3672,26.58,79,62,7.16,US,1714014230
54,kennett,36.2362,-90.0556,17.3,48,0,3.09,US,1714014005
55,xianning,29.8833,114.2167,21.73,73,100,1.44,CN,1714014279
56,hadibu,12.65,54.0333,27.62,75,55,2.05,YE,1714014142
57,antofagasta,-23.65,-70.4,17.6,86,96,3.23,CL,1714014189
58,college,64.8569,-147.8028,16.18,29,75,4.12,US,1714014281
59,buckhannon,38.994,-80.232,12.09,71,100,5.14,US,1714014282
60,jampur,29.6441,70.5954,32.34,17,2,1.64,PK,1714014283
61,punta arenas,-53.15,-70.9167,5.06,87,75,1.54,CL,1714014002
62,valle de la pascua,9.2155,-66.0073,28.56,61,89,3.4,VE,1714014285
63,utrik,11.2278,169.8474,27.19,79,92,8.31,MH,1714014202
64,hawaiian paradise park,19.5933,-154.9731,26.52,81,12,0.45,US,1714014181
65,port alfred,-33.5906,26.891,17.32,90,99,0.45,ZA,1714014234
66,albany,42.6001,-73.9662,3.71,74,3,2.69,US,1714014131
67,pacific grove,36.6177,-121.9166,14.45,84,100,4.02,US,1714014006
68,chernyshevskiy,63.0128,112.4714,-4.8,68,97,3.85,RU,1714014291
69,xilin hot,43.9667,116.0333,13.2,39,27,3.18,CN,1714014292
70,thompson,55.7435,-97.8558,8.09,34,20,2.06,CA,1714014182
71,vorkuta,67.5,64.0,-11.61,87,95,1.34,RU,1714014226
72,neyshabur,36.2133,58.7958,14.29,63,100,1.06,IR,1714014295
73,georgetown,5.4112,100.3354,32.96,70,20,2.57,MY,1714014254
74,fuling,29.7022,107.3919,17.39,95,100,0.96,CN,1714014297
75,pagar alam,-4.0167,103.2667,26.09,89,100,0.86,ID,1714014298
76,bairnsdale,-37.8333,147.6167,17.25,57,69,1.34,AU,1714014299
77,hithadhoo,-0.6,73.0833,29.34,70,100,2.67,MV,1714014209
78,kenai,60.5544,-151.2583,9.05,75,75,4.63,US,1714014065
79,palamos,41.8484,3.1291,12.28,51,100,0.89,ES,1714014301
80,sitka,57.0531,-135.33,9.94,71,0,3.6,US,1714014302
81,sete lagoas,-19.4658,-44.2467,22.49,71,6,1.85,BR,1714014009
82,wailea,19.8858,-155.123,25.57,82,0,3.6,US,1714014305
83,bilibino,68.0546,166.4372,-6.78,72,15,0.92,RU,1714014307
84,blackmans bay,-43.0167,147.3167,14.07,60,88,1.34,AU,1714014206
85,manay,7.215,126.5397,31.04,54,82,4.87,PH,1714014309
86,st. john's,47.5649,-52.7093,10.31,97,100,9.77,CA,1714014173
87,tyukhtet,56.5389,89.3011,-1.07,36,21,2.2,RU,1714014311
88,nova sintra,14.8667,-24.7167,22.95,80,88,6.46,CV,1714014312
89,samarinda,-0.5,117.15,31.93,59,92,1.57,ID,1714014313
90,kingston,17.997,-76.7936,28.53,79,20,4.63,JM,1714014313
91,bredasdorp,-34.5322,20.0403,15.28,83,78,1.18,ZA,1714014253
92,arkhangel'sk,64.5401,40.5433,1.06,100,100,1.0,RU,1714014316
93,cockburn town,21.4612,-71.1419,25.69,76,23,7.61,TC,1714014244
94,kill devil hills,36.0307,-75.676,16.66,70,75,0.0,US,1714014031
95,kargil,34.5667,76.1,-1.41,56,9,0.98,IN,1714014319
96,konstantinovka,49.6167,127.9833,10.52,76,100,10.05,RU,1714014320
97,invercargill,-46.4,168.35,15.01,55,1,4.02,NZ,1714014302
98,gowurdak,37.8124,66.0466,23.01,40,100,2.53,TM,1714014322
99,sumbawa besar,-8.5,117.4333,30.65,76,25,2.36,ID,1714014324
100,keflavik,64.0049,-22.5624,6.95,87,75,2.57,IS,1714014325
101,badger,64.8,-147.5333,16.14,31,75,4.12,US,1714014326
102,bethel,41.3712,-73.414,11.2,59,0,4.63,US,1714014326
103,moissala,8.3404,17.7663,25.79,71,100,3.77,TD,1714014327
104,selfoss,63.9331,-20.9971,5.69,72,75,1.1,IS,1714014328
105,isafjordur,66.0755,-23.124,2.7,84,16,1.31,IS,1714014190
106,lorengau,-2.0226,147.2712,29.46,77,98,3.75,PG,1714014330
107,severo-yeniseyskiy,60.3725,93.0408,-2.46,97,97,1.79,RU,1714014331
108,margaret river,-33.95,115.0667,19.11,42,100,5.35,AU,1714014241
109,calca,-13.3333,-71.95,12.64,86,95,2.57,PE,1714014333
110,masterton,-40.9597,175.6575,16.17,65,100,6.25,NZ,1714014334
111,bridgewater,44.3835,-64.5155,7.82,72,100,6.69,CA,1714014083
112,port lincoln,-34.7333,135.8667,17.5,57,3,5.37,AU,1714014182
113,ilulissat,69.2167,-51.1,1.01,86,75,0.0,GL,1714014337
114,izazi,-7.2,35.7333,19.33,91,23,0.84,TZ,1714014338
115,nar'yan-mar,67.6713,53.087,-6.61,82,10,5.81,RU,1714014339
116,bovalino,38.149,16.174,12.41,77,16,3.11,IT,1714014341
117,papatowai,-46.5619,169.4708,13.11,65,24,2.96,NZ,1714014342
118,matane,48.8286,-67.522,-3.28,96,100,9.36,CA,1714014325
119,cabedelo,-6.9811,-34.8339,26.37,73,1,4.11,BR,1714014055
120,romblon,12.5751,122.2708,28.36,71,88,4.27,PH,1714014345
121,wailua homesteads,22.0669,-159.378,26.24,85,70,3.13,US,1714014239
122,auna,10.1881,4.7232,29.26,62,49,4.37,NG,1714014346
123,juegang,32.3174,121.1855,21.98,42,100,7.04,CN,1714014326
124,ust-nera,64.5667,143.2,2.55,99,98,1.87,RU,1714014349
125,lompoc,34.6391,-120.4579,14.45,78,0,5.66,US,1714014121
126,caleta de carquin,-11.0925,-77.6267,20.1,91,80,3.22,PE,1714014350
127,port mathurin,-19.6833,63.4167,26.59,69,100,7.73,MU,1714014204
128,hurricane,37.1753,-113.2899,24.19,18,92,4.02,US,1714014242
129,fernie,49.5,-115.0687,13.11,67,98,3.81,CA,1714014237
130,carbonear,47.7332,-53.2148,10.56,95,100,8.0,CA,1714014355
131,poronaysk,49.2167,143.1167,2.91,95,100,4.81,RU,1714014357
132,bardai,11.65,7.2333,28.81,39,21,4.76,NG,1714014358
133,happy valley-goose bay,53.3168,-60.3315,1.17,75,75,4.63,CA,1714014359
134,porbandar,21.6422,69.6093,27.11,65,0,4.41,IN,1714014360
135,port elizabeth,-33.918,25.5701,17.28,82,20,6.17,ZA,1714014243
136,broken hill,-31.95,141.4333,16.11,39,73,7.69,AU,1714014151
137,arraial do cabo,-22.9661,-42.0278,25.18,78,100,2.96,BR,1714014163
138,praia da vitoria,38.7333,-27.0667,16.14,77,75,4.75,PT,1714014363
139,namdrik,5.5994,168.1028,27.54,82,94,6.81,MH,1714014364
140,san juan,-31.5375,-68.5364,15.21,74,2,0.27,AR,1714013836
141,mundwa,27.0667,73.8167,32.2,16,95,5.24,IN,1714014366
142,palikir - national government center,6.9248,158.1611,30.47,84,100,4.12,FM,1714014367
143,tangalle,6.024,80.7911,27.09,75,76,2.46,LK,1714014368
144,arrifes,37.7667,-25.7,14.14,72,75,4.12,PT,1714014369
145,egilsstadir,65.2653,-14.3948,1.95,93,100,1.54,IS,1714014197
146,san pedro pochutla,15.7333,-96.4667,28.26,52,7,1.93,MX,1714014371
147,dhidhdhoo,6.8833,73.1,29.1,71,0,2.05,MV,1714014372
148,walvis bay,-22.9575,14.5053,15.65,82,0,2.77,NA,1714014373
149,haiku-pauwela,20.9219,-156.3051,24.57,81,20,11.83,US,1714014374
150,taulaga,-11.0553,-171.0883,29.53,74,26,5.27,AS,1714014375
151,aasiaat,68.7098,-52.8699,-3.5,98,90,2.92,GL,1714014375
152,sa pa,22.3402,103.8441,24.13,54,10,1.01,VN,1714014376
153,porto novo,6.4965,2.6036,28.9,83,100,2.74,BJ,1714014377
154,micheweni,-4.9667,39.8333,26.17,88,100,6.9,TZ,1714014378
155,west island,-12.1568,96.8225,27.99,83,75,7.2,CC,1714014241
156,berriane,32.8265,3.7669,14.45,34,100,3.28,DZ,1714014380
157,sisimiut,66.9395,-53.6735,-0.86,82,64,13.88,GL,1714014381
158,pechora,65.1472,57.2244,-3.41,72,40,4.02,RU,1714014382
159,annau,37.8876,58.516,18.72,59,100,2.06,TM,1714014382
160,cururupu,-1.8283,-44.8683,23.41,100,100,0.65,BR,1714014293
161,sinabang,2.4803,96.3801,28.9,79,100,0.77,ID,1714014384
162,haimen,23.1935,116.6142,19.94,92,100,4.49,CN,1714014385
163,stanley,54.868,-1.6985,4.01,88,0,5.66,GB,1714014104
164,greenville,35.6127,-77.3663,15.09,95,0,0.0,US,1714014146
165,baruun-urt,46.6806,113.2792,6.71,32,100,4.6,MN,1714014105
166,hamilton,39.1834,-84.5333,7.65,76,0,4.12,US,1714014346
167,newman,37.3138,-121.0208,18.34,63,83,1.79,US,1714014390
168,chos malal,-37.3781,-70.2709,10.18,47,2,5.41,AR,1714014391
169,ghat,24.9647,10.1728,21.39,19,0,2.95,LY,1714014392
170,remire-montjoly,4.9167,-52.2667,26.02,94,75,1.54,GF,1714014201
171,dudinka,69.4058,86.1778,-7.4,89,22,4.92,RU,1714014394
172,abashiri,44.0213,144.2697,14.16,72,75,11.83,JP,1714014395
173,new norfolk,-42.7826,147.0587,14.72,69,99,3.39,AU,1714014395
174,djambala,-2.5447,14.7533,21.64,86,100,0.6,CG,1714014396
175,petropavlovsk-kamchatsky,53.0452,158.6483,11.33,35,75,7.0,RU,1714014156
176,atafu village,-8.5421,-172.5159,29.6,72,56,3.08,TK,1714014211
177,tolanaro,-25.0319,46.9987,22.04,88,20,4.12,MG,1714014399
178,waingapu,-9.6567,120.2641,29.79,72,45,5.94,ID,1714014400
179,wynyard,-41.0,145.7167,14.48,57,100,6.52,AU,1714014401
180,whitehorse,60.7161,-135.0538,13.43,22,40,2.57,CA,1714014155
181,luderitz,-26.6481,15.1594,16.46,67,69,5.9,NA,1714014404
182,weno,7.4515,151.8468,28.71,81,78,7.53,FM,1714014405
183,kapa'a,22.0752,-159.319,26.99,82,100,8.75,US,1714014406
184,huatabampo,26.8333,-109.6333,24.93,34,100,2.91,MX,1714014407
185,nieuw amsterdam,5.8833,-55.0833,24.97,82,77,3.1,SR,1714014408
186,dunedin,-45.8742,170.5036,13.22,71,93,1.79,NZ,1714014409
187,hami,42.8,93.45,21.86,20,100,4.83,CN,1714014320
188,katpur,21.05,71.7833,29.98,43,0,3.1,IN,1714014411
189,flying fish cove,-10.4217,105.6791,28.82,89,75,5.66,CX,1714014412
190,hermanus,-34.4187,19.2345,13.78,85,75,1.7,ZA,1714014401
191,gizo,-8.103,156.8419,29.55,73,92,1.23,SB,1714014415
192,jayapura,-2.5333,140.7,33.66,63,13,2.52,ID,1714014319
193,carnarvon,-24.8667,113.6333,29.1,36,37,7.72,AU,1714014418
194,kaedi,16.1465,-13.5047,28.9,22,18,5.76,MR,1714014419
195,lerwick,60.1545,-1.1494,4.0,68,11,7.18,GB,1714014420
196,swidwin,53.7746,15.7767,3.31,100,76,2.9,PL,1714014421
197,talnakh,69.4865,88.3972,-7.66,91,91,2.3,RU,1714014236
198,mount isa,-20.7333,139.5,28.87,32,100,5.14,AU,1714014423
199,shenjiamen,29.9576,122.298,14.88,75,98,2.83,CN,1714014336
200,bandraboua,-12.7044,45.1223,28.82,74,28,5.77,YT,1714014424
201,lebu,-37.6167,-73.65,13.86,91,99,5.01,CL,1714014175
202,gudari,19.35,83.7833,35.32,33,0,0.22,IN,1714014426
203,sawakin,19.1059,37.3321,27.43,69,1,2.19,SD,1714014427
204,fale old settlement,-9.3852,-171.2468,29.6,74,21,4.84,TK,1714014428
205,hobyo,5.3505,48.5268,29.31,75,40,3.49,SO,1714014429
206,thunder bay,48.4001,-89.3168,-1.01,69,20,2.57,CA,1714014299
207,katsuura,35.1333,140.3,21.01,83,100,4.07,JP,1714014431
208,karratha,-20.7377,116.8463,31.14,27,33,7.76,AU,1714014432
209,albertina,-22.2008,-46.6158,18.31,72,85,2.19,BR,1714014433
210,mahina,-17.5065,-149.489,29.87,74,20,3.09,PF,1714014434
211,kourou,5.1552,-52.6478,26.03,77,99,2.86,GF,1714014408
212,grand falls-windsor,48.9332,-55.6649,10.28,95,100,1.79,CA,1714014436
213,kokopo,-4.352,152.2633,30.75,65,20,4.08,PG,1714014437
214,smithers,54.7804,-127.1743,9.18,40,75,5.14,CA,1714014175
215,udachny,66.4167,112.4,-5.86,80,100,8.3,RU,1714014172
216,lospalos,-8.5186,127.0025,28.02,71,76,4.6,TL,1714014440
217,konigsfeld im schwarzwald,48.1381,8.4197,0.64,95,75,2.45,DE,1714014227
218,al jahra',29.3375,47.6581,26.46,31,0,2.27,KW,1714014442
219,saint croix,17.7397,-64.7388,24.98,86,26,1.79,VI,1714014442
220,santa cruz,-17.8,-63.1667,25.7,94,75,2.06,BO,1714014300
221,tura,25.5198,90.2201,33.48,27,0,3.83,IN,1714014444
222,howard springs,-12.497,131.047,33.23,69,99,5.16,AU,1714014445
223,canmore,51.0834,-115.3521,9.34,100,43,1.64,CA,1714014446
224,crane,31.3974,-102.3501,23.83,66,46,9.73,US,1714014448
225,kiunga,-6.1219,141.2906,31.8,66,100,1.34,PG,1714014448
226,tete,-16.1564,33.5867,17.9,93,0,0.91,MZ,1714014449
227,palmer,42.1584,-72.3287,6.75,50,0,7.72,US,1714014317
228,nemuro,43.3236,145.575,6.48,98,100,11.07,JP,1714014337
229,peshawar,34.008,71.5785,22.08,68,20,2.06,PK,1714014452
230,greymouth,-42.4667,171.2,13.12,93,100,3.06,NZ,1714014453
231,caldwell,43.6629,-116.6874,18.93,44,0,3.09,US,1714014372
232,burang,30.25,81.1667,-0.24,30,5,1.74,CN,1714014455
233,haiphong,20.8561,106.6822,26.95,89,75,1.03,VN,1714014224
234,olney,39.1532,-77.0669,16.03,61,0,1.54,US,1714014456
235,okha,53.5739,142.9478,11.81,63,24,6.71,RU,1714014457
236,federacion,-31.0062,-57.8996,13.1,66,80,4.35,AR,1714014458
237,coquimbo,-29.9533,-71.3436,15.26,77,6,1.13,CL,1714014449
238,tsiombe,-25.3,45.4833,20.98,95,27,3.63,MG,1714014460
239,coahuayana de hidalgo,18.7,-103.6583,22.33,84,2,1.07,MX,1714014461
240,kapuskasing,49.4169,-82.4331,-9.02,94,34,1.63,CA,1714014462
241,capao da canoa,-29.7456,-50.0097,16.72,74,43,1.91,BR,1714014463
242,hammerfest,70.6634,23.6821,2.25,87,100,3.09,NO,1714014464
243,martapura,-3.4167,114.85,30.05,70,0,3.09,ID,1714014465
244,tazovsky,67.4667,78.7,-6.19,96,99,2.13,RU,1714014466
245,naracoorte,-36.9579,140.7383,15.94,55,70,5.38,AU,1714014468
246,gounou gaya,9.6294,15.5132,30.53,36,97,2.16,TD,1714014469
247,petrovsk-zabaykal'skiy,51.273,108.843,3.75,41,87,6.35,RU,1714014469
248,lazaro cardenas,17.9583,-102.2,24.86,79,0,1.54,MX,1714014179
249,sterling,39.0062,-77.4286,16.44,59,40,2.06,US,1714014309
250,yangjiang,21.85,111.9667,28.97,75,21,6.24,CN,1714014238
251,contai,21.7786,87.7536,36.29,24,0,3.15,IN,1714014474
252,es castell,39.8795,4.2854,11.38,71,0,2.06,ES,1714014475
253,pemangkat,1.1667,108.9667,26.07,89,100,3.39,ID,1714014476
254,villa gesell,-37.2639,-56.973,10.59,78,0,3.8,AR,1714014477
255,morehead city,34.7229,-76.726,18.33,84,100,2.06,US,1714014451
256,mossel bay,-34.1831,22.146,16.52,81,90,2.67,ZA,1714014479
257,vilyuysk,63.7553,121.6247,-9.44,85,100,5.81,RU,1714014480
258,wendo,6.6,38.4167,14.75,89,92,1.74,ET,1714014481
259,bansud,12.865,121.4564,30.62,64,99,3.49,PH,1714014482
260,magadan,59.5667,150.8,-0.26,96,100,1.59,RU,1714014284
261,islamorada,24.9243,-80.6278,24.0,76,1,6.46,US,1714014359
262,novyy rogachik,48.6768,44.0608,12.5,57,36,5.82,RU,1714014485
263,taltal,-25.4,-70.4833,18.56,80,33,1.54,CL,1714014474
264,constantia,44.1833,28.65,12.61,76,100,1.65,RO,1714014486
265,raja,8.4596,25.678,25.43,68,100,3.95,SS,1714014487
266,pisco,-13.7,-76.2167,21.03,78,0,2.06,PE,1714014229
267,lindi,-10.0,39.7167,23.49,97,92,2.61,TZ,1714014489
268,esteli,13.0919,-86.3538,23.03,64,23,2.43,NI,1714014490
269,klamath falls,42.2249,-121.7817,12.25,49,0,7.15,US,1714014487
270,filey,54.21,-0.2892,3.91,88,93,1.34,GB,1714014492
271,colonia,50.9333,6.95,5.53,88,100,4.63,DE,1714014493
272,saldanha,-33.0117,17.9442,14.85,91,71,4.39,ZA,1714014494
273,gaiman,-43.2897,-65.4929,16.27,41,100,11.34,AR,1714014414
274,chitose,42.8194,141.6522,11.95,93,75,4.63,JP,1714014328
275,ta`u,-14.2336,-169.5144,28.56,72,61,4.83,AS,1714014438
276,tralee,52.2704,-9.7026,8.47,88,95,1.97,IE,1714014498
277,roschinskiy,53.2669,40.0039,12.24,66,97,7.2,RU,1714014499
278,carutapera,-1.195,-46.02,25.36,91,97,1.94,BR,1714014263
279,nabire,-3.3667,135.4833,28.85,79,34,1.42,ID,1714014500
280,labytnangi,66.6572,66.4183,-12.01,96,78,1.02,RU,1714014501
281,masuguru,-11.3667,38.4167,21.66,99,85,1.07,TZ,1714014502
282,togur,58.3631,82.8265,-1.59,71,100,5.81,RU,1714014503
283,funafuti,-8.5243,179.1942,33.0,70,75,1.03,TV,1714014504
284,coruripe,-10.1256,-36.1756,25.43,87,40,1.41,BR,1714014332
285,kheri,27.9,80.8,33.14,14,0,2.55,IN,1714014506
286,mar del plata,-38.0023,-57.5575,12.71,87,0,0.89,AR,1714013822
287,riosucio,5.4216,-75.7032,13.34,97,97,0.75,CO,1714014508
288,merizo village,13.2658,144.6691,31.31,81,33,7.23,GU,1714014509
289,enewetak,11.3474,162.3373,27.74,80,84,7.91,MH,1714014216
290,haro,42.5763,-2.8476,5.48,89,79,0.88,ES,1714014510
291,box elder,41.5005,-112.8764,12.71,71,84,8.86,US,1714014511
292,kidal,18.4411,1.4078,29.22,13,3,4.52,ML,1714014371
293,elon,36.1029,-79.5067,14.32,89,0,0.0,US,1714014495
294,kolonia,50.9333,6.95,5.53,88,100,4.63,DE,1714014493
295,el rama,12.1596,-84.2195,24.03,89,0,1.49,NI,1714014515
296,fort bragg,35.139,-79.006,17.68,79,20,0.0,US,1714014230
297,cruzeiro do sul,-29.5128,-51.9853,17.82,82,68,0.73,BR,1714014517
298,krya vrysi,40.6872,22.3022,17.43,50,98,0.91,GR,1714014518
299,la passe,45.5549,-0.8967,11.1,88,90,5.17,FR,1714014470
300,newport,51.5877,-2.9984,7.12,80,25,2.88,GB,1714014428
301,tupiza,-21.45,-65.7167,15.69,46,32,3.9,BO,1714014521
302,bikenibeu village,1.3673,173.1241,30.98,79,75,3.6,KI,1714014521
303,al bawiti,28.3492,28.8659,26.33,29,100,2.05,EG,1714014522
304,koungheul,13.9833,-14.8,26.26,29,39,4.93,SN,1714014523
305,rokytne,51.2796,27.214,4.66,97,45,2.65,UA,1714014524
306,calabozo,8.9242,-67.4293,30.21,54,42,1.01,VE,1714014526
307,phek,25.6667,94.5,28.63,22,1,1.49,IN,1714014527
308,chadron,42.8294,-102.9999,16.82,50,0,6.17,US,1714014528
309,kodiak,57.79,-152.4072,4.73,93,100,4.63,US,1714014529
310,ilhabela,-23.7781,-45.3581,23.15,92,100,2.34,BR,1714014530
311,ebon,4.582,168.6964,28.15,82,36,6.84,MH,1714014532
312,christchurch,-43.5333,172.6333,24.11,38,20,5.14,NZ,1714014302
313,acarau,-2.8856,-40.12,25.93,86,73,3.82,BR,1714014534
314,radziejow,52.6248,18.5277,3.79,93,85,0.69,PL,1714014537
315,luanco,43.6152,-5.7934,11.68,80,100,3.58,ES,1714014538
316,tabas,33.5959,56.9244,18.59,60,87,3.7,IR,1714014539
317,saint-philippe,-21.3585,55.7679,22.77,85,36,3.14,RE,1714014419
318,chibougamau,49.9168,-74.3659,-11.06,95,47,3.07,CA,1714014486
319,bandarbeyla,9.4942,50.8122,28.25,75,100,0.91,SO,1714014542
320,kani keli,-12.9536,45.1033,28.59,74,15,5.96,YT,1714014543
321,juan griego,11.0817,-63.9655,26.54,80,66,6.06,VE,1714014544
322,sharan,54.8167,54.0,10.26,86,89,2.67,RU,1714014545
323,susuman,62.7833,148.1667,-1.68,90,91,1.34,RU,1714014546
324,mafinga,-7.25,35.0667,17.92,90,42,0.86,TZ,1714014547
325,jember,-8.166,113.7032,31.78,63,22,0.73,ID,1714014548
326,pathein,16.7833,94.7333,34.64,45,0,3.85,MM,1714014549
327,mogocha,53.7333,119.7667,4.25,56,100,6.36,RU,1714014550
328,kailua-kona,19.6406,-155.9956,26.98,80,100,4.63,US,1714014519
329,qaqortoq,60.7167,-46.0333,-0.58,85,55,2.71,GL,1714014551
330,waspan,14.7419,-83.9717,24.04,90,4,1.63,NI,1714014552
331,beli,7.8587,10.9719,27.55,62,100,0.65,NG,1714014496
332,san patricio,28.017,-97.5169,24.35,88,31,5.78,US,1714014554
333,dalbandin,28.8947,64.4101,21.21,53,3,4.49,PK,1714014556
334,isla vista,34.4133,-119.861,17.1,76,0,4.63,US,1714014557
335,margate,51.3813,1.3862,5.39,73,100,1.79,GB,1714014536
336,sungai penuh,-2.0833,101.3833,27.11,62,47,1.47,ID,1714014559
337,tabou,4.423,-7.3528,27.18,84,90,2.3,CI,1714014560
338,pangoa,-12.1167,-73.0,21.55,99,100,0.75,PE,1714014534
339,sotouboua,8.5667,0.9833,24.69,81,100,2.39,TG,1714014563
340,tyup,42.7276,78.3648,10.58,71,100,1.08,KG,1714014564
341,ulladulla,-35.35,150.4667,20.98,52,1,3.34,AU,1714014565
342,ghadamis,30.1337,9.5007,12.39,62,4,5.87,LY,1714014566
343,komotini,41.1228,25.3964,12.25,95,100,2.01,GR,1714014566
344,mendi,-6.1761,143.6513,23.56,54,11,3.14,PG,1714014568
345,tamanrasset,22.785,5.5228,15.95,16,0,1.03,DZ,1714014570
346,tweed heads,-28.1817,153.547,27.89,63,40,5.66,AU,1714014571
347,piton saint-leu,-21.2196,55.3151,22.04,78,0,1.54,RE,1714014572
348,polyarnyy,69.1989,33.4478,-2.36,93,100,2.51,RU,1714014572
349,kruisfontein,-34.0033,24.7314,16.05,93,40,2.84,ZA,1714014443
350,holualoa,19.6228,-155.9522,24.91,83,100,4.63,US,1714014575
351,edd,13.9297,41.6925,32.53,46,78,5.51,ER,1714014576
352,lewistown,40.5992,-77.5714,10.67,71,75,4.63,US,1714014310
353,puerto baquerizo moreno,-0.9,-89.6,25.06,86,20,2.66,EC,1714014579
354,valparaiso,-33.0393,-71.6273,7.8,93,0,2.06,CL,1714014331
355,barguzin,53.6167,109.6167,2.55,65,100,4.0,RU,1714014582
356,olonets,60.9847,32.9698,1.03,83,100,4.52,RU,1714014582
357,coronel dorrego,-38.7187,-61.2873,10.97,59,47,5.83,AR,1714014583
358,itororo,-15.1169,-40.0703,20.88,98,3,0.26,BR,1714014319
359,guanica,17.9716,-66.908,27.21,68,57,4.53,PR,1714014586
360,westport,41.1415,-73.3579,12.99,58,75,3.09,US,1714014401
361,bayji,34.9311,43.487,23.88,24,0,3.27,IQ,1714014589
362,vorgashor,67.5833,63.95,-11.78,87,95,1.54,RU,1714014590
363,kolonia town,6.964,158.206,31.06,84,100,4.12,FM,1714014591
364,yara,20.2753,-76.9533,23.41,84,58,3.95,CU,1714014592
365,prado,-17.3411,-39.2208,25.21,85,0,2.36,BR,1714014403
366,baikonur,45.6167,63.3167,18.72,57,59,6.38,KZ,1714014511
367,weihai,37.5017,122.1136,18.29,51,2,6.98,CN,1714014340
368,bantay,17.5847,120.3892,34.98,72,96,4.09,PH,1714014317
369,impfondo,1.6381,18.0667,21.78,98,99,1.02,CG,1714014598
370,novo aripuana,-5.1206,-60.3797,23.51,99,83,0.85,BR,1714014599
371,atasu,48.6814,71.6433,9.65,44,13,8.06,KZ,1714014600
372,alofi,-19.0595,-169.9187,28.94,61,31,4.12,NU,1714014601
373,tambopata,-12.7333,-69.1833,23.67,99,74,1.27,PE,1714014602
374,clovis,36.8252,-119.7029,16.94,70,75,3.6,US,1714014572
375,brisas de zicatela,15.8369,-97.0419,28.26,62,82,1.51,MX,1714014605
376,middlesboro,36.6084,-83.7166,15.57,66,0,0.0,US,1714014484
377,masan,35.2081,128.5725,22.84,43,35,1.07,KR,1714014608
378,xining,36.6167,101.7667,13.61,36,0,1.59,CN,1714014610
379,prince albert,53.2001,-105.7677,13.29,46,80,4.04,CA,1714014576
380,extrema,-22.8547,-46.3183,17.53,79,99,1.45,BR,1714014555
381,waitara,-38.925,174.25,16.94,85,100,6.75,NZ,1714014613
382,salmon arm,50.6998,-119.3024,9.45,58,49,1.81,CA,1714014615
383,gadzhiyevo,69.2551,33.3362,-2.62,94,100,2.49,RU,1714014615
384,khovd,48.0056,91.6419,0.89,36,44,3.54,MN,1714014617
385,novomyrhorod,48.7811,31.642,10.76,91,64,1.93,UA,1714014617
386,yerofey pavlovich,53.9667,121.9667,5.54,56,100,4.95,RU,1714014618
387,atherton,53.5237,-2.4935,6.35,86,100,1.79,GB,1714014619
388,saint-pierre,-21.3393,55.4781,22.82,78,0,1.54,RE,1714014573
389,baganga,7.5739,126.56,31.11,58,99,2.96,PH,1714014621
390,north bend,43.4065,-124.2243,12.31,87,40,1.54,US,1714014622
391,demre,36.2537,29.9777,21.73,39,100,3.41,TR,1714014623
392,estremoz,38.8443,-7.5859,8.2,90,7,3.35,PT,1714014625
393,usogorsk,63.4106,48.6872,0.37,96,100,1.84,RU,1714014626
394,akureyri,65.6835,-18.0878,3.58,65,26,1.08,IS,1714014631
395,palu,-0.8917,119.8707,33.99,56,76,1.38,ID,1714014634
396,sola,-13.8833,167.55,28.69,72,78,1.38,VU,1714014635
397,lucapa,-8.4192,20.7447,18.72,98,100,1.84,AO,1714014639
398,lanzhou,36.0564,103.7922,20.59,25,0,1.12,CN,1714014640
399,asilah,35.465,-6.0348,15.98,75,100,3.6,MA,1714014641
400,milford haven,51.7128,-5.0341,5.81,93,77,3.3,GB,1714014643
401,wangqing,43.3218,129.7634,22.36,31,0,6.78,CN,1714014646
402,neryungri,56.6709,124.6491,0.1,90,100,6.08,RU,1714014652
403,kinwat,19.6333,78.2,34.05,31,75,3.14,IN,1714014377
404,urangan,-25.3,152.9,24.41,51,5,0.39,AU,1714014653
405,padang,-0.9492,100.3543,29.03,70,22,1.87,ID,1714014515
406,carloforte,39.145,8.3058,13.62,64,84,11.14,IT,1714014655
407,tazacorte,28.629,-17.9293,18.54,60,0,4.12,ES,1714014647
408,san sebastian de la gomera,28.0916,-17.1133,20.2,68,0,2.57,ES,1714014661
409,shemordan,56.1856,50.3972,7.56,89,32,2.46,RU,1714014662
410,biskupiec,53.8647,20.9569,3.9,97,100,3.14,PL,1714014664
411,marsa alam,25.0757,34.8918,25.6,35,57,1.44,EG,1714014665
412,veinticinco de mayo,-35.4323,-60.1727,12.21,67,60,2.76,AR,1714014667
413,balkanabat,39.5108,54.3671,18.86,44,12,1.26,TM,1714014556
414,ambon,-3.6954,128.1814,30.08,74,20,1.54,ID,1714014672
415,antsiranana,-12.2787,49.2917,25.62,79,99,5.33,MG,1714014680
416,el abiodh sidi cheikh,32.893,0.5484,14.28,24,97,1.66,DZ,1714014681
417,archangelos,36.2149,28.1149,18.99,93,100,1.79,GR,1714014681
418,kovdor,67.5662,30.4758,-2.99,97,98,1.17,RU,1714014682
419,pecos,31.4229,-103.4932,29.06,50,0,8.23,US,1714014400
420,warman,52.3168,-106.5679,14.49,41,97,5.96,CA,1714014684
421,puerto leguizamo,-0.1934,-74.7819,23.32,97,100,0.83,CO,1714014685
422,olinda,-8.0089,-34.8553,28.85,79,40,2.06,BR,1714014493
423,wenling,28.3669,121.36,19.69,61,59,2.86,CN,1714014688
424,carauari,-4.8828,-66.8958,22.61,96,100,0.8,BR,1714014689
425,hiratacho,35.4333,132.8167,19.97,60,0,4.18,JP,1714014693
426,manta,-0.95,-80.7333,25.88,83,75,3.09,EC,1714014605
427,barcelos,41.5388,-8.6151,14.36,76,100,2.12,PT,1714014405
428,yazman,29.1212,71.7446,33.1,17,5,6.45,PK,1714014496
429,vidalia,32.2177,-82.4135,17.97,72,0,0.0,US,1714014696
430,santa elena de uairen,4.6167,-61.1333,20.45,89,100,0.6,VE,1714014697
431,kuanda,56.3161,116.0806,4.58,45,100,3.74,RU,1714014698
432,west livingston,30.6983,-95.0019,23.34,83,49,4.47,US,1714014699
433,ulaangom,49.9811,92.0667,-0.88,26,100,7.0,MN,1714014701
434,piacabucu,-10.4056,-36.4344,25.98,86,18,1.28,BR,1714014702
435,valdivia,-39.8142,-73.2459,11.02,93,58,3.17,CL,1714014703
436,meulaboh,4.1363,96.1285,29.2,74,100,0.56,ID,1714014705
437,mournies,35.4764,24.0092,16.57,63,20,4.63,GR,1714014706
438,novoanninskiy,50.5287,42.6747,13.09,70,100,6.98,RU,1714014707
439,belmonte,-15.8631,-38.8828,25.08,89,4,1.73,BR,1714014709
440,sinop,41.7711,34.8709,20.8,31,97,4.72,TR,1714014588
441,buala,-8.145,159.5921,30.29,72,90,1.61,SB,1714014568
442,qamdo,31.1667,97.2333,4.52,56,98,2.26,CN,1714014713
443,bereeda,11.8704,51.0579,27.61,77,12,3.53,SO,1714014714
444,ancud,-41.8697,-73.8203,11.5,86,21,9.03,CL,1714014493
445,dawson creek,55.7666,-120.2362,6.69,42,37,3.28,CA,1714014717
446,elverum,60.8819,11.5623,0.91,96,100,1.13,NO,1714014717
447,yatou,37.15,122.3833,19.48,53,15,6.99,CN,1714014718
448,sur,22.5667,59.5289,27.27,72,0,2.39,OM,1714014719
449,dzhalagash,45.0833,64.6667,20.23,44,70,6.27,KZ,1714014587
450,twardogora,51.3649,17.4688,2.44,87,94,2.12,PL,1714014721
451,ta'izz,13.5,44.0,21.28,39,9,3.27,YE,1714014723
452,muli,2.9167,73.5667,29.09,72,100,4.01,MV,1714014726
453,montecanal,41.6297,-0.9387,9.72,57,0,5.14,ES,1714014727
454,sona,45.4388,10.8255,7.69,94,40,1.03,IT,1714014728
455,queenstown,-31.8976,26.8753,13.65,85,81,0.5,ZA,1714014729
456,qui nhon,13.7667,109.2333,32.01,58,4,5.21,VN,1714014730
457,tamiahua,21.2667,-97.45,24.41,92,61,3.14,MX,1714014731
458,plouzane,48.3833,-4.6167,8.03,87,100,3.09,FR,1714014732
459,wamba,8.9333,8.6,26.75,67,100,1.18,NG,1714014734
460,nsanje,-16.92,35.262,18.41,98,3,0.54,MW,1714014495
461,mount gambier,-37.8333,140.7667,15.58,55,52,3.88,AU,1714014736
462,port blair,11.6667,92.75,33.02,66,20,1.54,IN,1714014490
463,castillos,-34.1667,-53.8333,10.66,84,0,1.37,UY,1714014738
464,lamar,33.6668,-95.5836,20.99,95,0,2.57,US,1714014739
465,sandnessjoen,66.0217,12.6316,0.29,80,98,1.97,NO,1714014740
466,barra do bugres,-15.0725,-57.1811,24.13,84,15,0.72,BR,1714014741
467,cambria,35.5641,-121.0808,13.47,90,50,0.45,US,1714014741
468,roma,43.2128,-75.4557,1.6,58,0,2.57,US,1714014507
469,young,-32.6833,-57.6333,11.46,81,40,2.72,UY,1714014743
470,banda aceh,5.5577,95.3222,30.42,67,100,2.57,ID,1714014744
471,port moresby,-9.4431,147.1797,29.47,74,100,3.29,PG,1714014574
472,ghanzi,-21.5667,21.7833,18.78,27,0,2.84,BW,1714014746
473,guangming,45.3333,122.7833,17.17,21,53,5.52,CN,1714014747
474,koch'ang,35.4333,126.7,20.07,50,29,2.76,KR,1714014748
475,marquette,46.5333,-87.6335,-2.9,73,0,1.44,US,1714014749
476,zalari,53.5584,102.5065,3.82,45,45,3.46,RU,1714014750
477,la'ie,21.6477,-157.9253,26.98,91,44,6.71,US,1714014750
478,yuanping,38.7153,112.7575,25.66,16,0,2.43,CN,1714014751
479,kem',64.9555,34.5793,-7.01,96,20,1.9,RU,1714014752
480,inhambane,-23.865,35.3833,23.18,82,42,1.41,MZ,1714014753
481,khandyga,62.6667,135.6,-1.66,83,100,3.89,RU,1714014596
482,tibanbang,6.6315,126.1055,28.74,71,93,1.38,PH,1714014755
483,bibir hat,22.6873,91.7853,32.73,56,3,3.66,BD,1714014756
484,eunice,30.4944,-92.4176,22.19,87,6,2.2,US,1714014757
485,sezanne,48.7205,3.7234,3.88,92,72,1.76,FR,1714014757
486,rongelap,11.1635,166.8941,27.31,83,100,8.76,MH,1714014559
487,atbasar,51.8,68.3333,3.23,41,100,7.96,KZ,1714014760
488,yanchep,-31.55,115.6833,20.63,38,96,6.07,AU,1714014761
489,pingxiang,27.6167,113.85,24.41,78,100,1.0,CN,1714014762
490,patong,7.8961,98.2966,33.08,69,74,2.16,TH,1714014763
491,viamao,-30.0811,-51.0233,17.99,72,0,2.57,BR,1714014764
492,shubarshi,48.5872,57.1869,14.47,84,9,5.48,KZ,1714014765
493,khash,28.2211,61.2158,17.64,64,0,1.35,IR,1714014766
494,naze,28.3667,129.4833,21.12,55,57,1.29,JP,1714014768
495,san andres,12.5847,-81.7006,29.01,79,20,5.66,CO,1714014769
496,sao jose da coroa grande,-8.8978,-35.1478,26.54,80,91,1.59,BR,1714014484
497,vikhorevka,56.1201,101.1636,2.77,42,67,3.95,RU,1714014496
498,nykarleby,63.5228,22.5307,1.08,98,58,1.96,FI,1714014773
499,salalah,17.0151,54.0924,28.05,74,0,2.06,OM,1714014774
500,avenal,36.0041,-120.129,15.87,55,94,0.81,US,1714014775
501,aral,40.5156,81.2636,22.57,18,3,0.86,CN,1714014552
502,agadez,19.75,10.25,27.7,11,22,3.38,NE,1714014776
503,suva,-18.1416,178.4415,30.71,74,75,3.09,FJ,1714014777
504,gwadar,25.1216,62.3254,26.46,86,24,4.36,PK,1714014778
505,el bauga,18.262,33.9081,26.37,47,0,2.32,SD,1714014779
506,ashburton,-37.8626,145.0794,16.25,64,100,2.68,AU,1714014780
507,yakeshi,49.2833,120.7333,8.26,33,4,11.24,CN,1714014781
508,benjamin aceval,-24.9667,-57.5667,23.44,98,42,2.45,PY,1714014782
509,port saint john's,-31.6229,29.5448,20.07,87,14,3.24,ZA,1714014783
510,nikolayevsk-on-amure,53.1406,140.73,17.9,40,14,1.79,RU,1714014784
511,karukh,34.4811,62.5863,12.76,73,100,5.37,AF,1714014785
512,al mindak,20.1588,41.2834,19.78,51,24,0.71,SA,1714014786
513,kualakapuas,-3.0091,114.3876,32.25,60,42,1.71,ID,1714014787
514,el calafate,-50.3408,-72.2768,4.51,91,100,0.46,AR,1714014788
515,zheleznodorozhnyy,55.7503,38.0042,11.12,58,100,3.13,RU,1714014789
516,laguna,38.421,-121.4238,18.12,66,0,2.57,US,1714014633
517,dalandzadgad,43.5708,104.425,15.16,19,33,7.05,MN,1714014792
518,egersund,58.4513,5.9997,2.43,78,99,2.87,NO,1714014792
519,tchintabaraden,15.8969,5.7985,30.79,13,2,3.81,NE,1714014793
520,aykhal,66.0,111.5,-7.34,87,100,10.07,RU,1714014794
521,petauke,-14.2426,31.3253,15.86,71,1,2.25,ZM,1714014795
522,najran,17.4924,44.1277,21.36,31,11,1.22,SA,1714014796
523,tamarin,-20.3256,57.3706,26.4,93,94,3.42,MU,1714014685
524,villa huidobro,-34.8383,-64.5869,13.17,53,83,5.25,AR,1714014798
525,aldama,22.9167,-98.0667,24.89,94,100,2.42,MX,1714014800
526,blackpool,53.8167,-3.05,7.79,74,100,7.55,GB,1714014800
527,yokadouma,3.5167,15.05,20.95,94,100,1.0,CM,1714014678
528,vermillion,42.7794,-96.9292,15.09,50,100,3.49,US,1714014803
529,gobabis,-22.45,18.9667,17.95,25,0,4.56,NA,1714014804
530,kosti,13.1629,32.6635,27.78,8,15,3.72,SD,1714014555
531,la punta,-33.1837,-66.3127,12.69,87,53,2.98,AR,1714014806
532,shepparton,-36.3833,145.4,18.19,36,6,6.99,AU,1714014629
533,aripuana,-9.1667,-60.6333,23.71,98,60,0.73,BR,1714014808
534,oyama,36.3,139.8,23.71,49,10,1.08,JP,1714014810
535,nova bana,48.4231,18.6404,2.36,96,99,1.44,SK,1714014811
536,opuwo,-18.0607,13.84,18.55,23,0,2.5,NA,1714014812
537,hardegsen,51.65,9.8333,4.91,90,100,3.91,DE,1714014813
538,ruteng,-8.6136,120.4721,25.33,71,75,0.34,ID,1714014814
539,jaisalmer,26.9147,70.9181,30.74,29,100,2.5,IN,1714014815
540,nizhnesortymskiy,62.4397,71.7603,-9.41,92,87,1.42,RU,1714014816
541,maumere,-8.6199,122.2111,29.62,71,34,1.47,ID,1714014817
542,vigan,17.5747,120.3869,34.96,69,96,4.09,PH,1714014818
543,contamana,-7.3333,-75.0167,24.18,91,95,0.74,PE,1714014819
544,kavaratti,10.5669,72.642,29.61,69,98,3.1,IN,1714014820
545,artova,40.1158,36.3001,17.02,33,99,3.01,TR,1714014821
546,pinheiro,-2.5214,-45.0825,23.98,98,100,1.04,BR,1714014822
547,malango,-2.9627,119.9001,26.01,79,76,1.38,ID,1714014593
548,dryden,49.7833,-92.7503,3.63,56,0,1.99,CA,1714014823
549,kuala belait,4.5833,114.1833,29.17,77,96,2.15,BN,1714014824
550,casper,42.8666,-106.3131,14.89,41,40,5.14,US,1714014653
551,chulakkurgan,43.765,69.1814,21.26,41,100,5.86,KZ,1714014827
552,port shepstone,-30.7414,30.455,21.3,86,61,5.09,ZA,1714014828
553,harper,4.375,-7.7169,27.37,82,89,2.49,LR,1714014828
554,kaiama,9.6225,3.9481,26.8,70,86,5.04,NG,1714014829
555,sargatskoye,55.6101,73.4972,1.88,56,2,3.44,RU,1714014830
556,stone,52.9059,-2.1541,4.1,60,100,2.41,GB,1714014831
557,zhigalovo,54.8097,105.1578,2.4,60,100,4.47,RU,1714014832
558,glubokoye,50.1456,82.3114,0.86,44,0,2.0,KZ,1714014833
